-- phpMyAdmin SQL Dump
-- version 4.8.5
-- https://www.phpmyadmin.net/
--
-- Host: 127.0.0.1
-- Generation Time: Mar 01, 2020 at 12:58 PM
-- Server version: 10.1.38-MariaDB
-- PHP Version: 5.6.40

SET SQL_MODE = "NO_AUTO_VALUE_ON_ZERO";
SET AUTOCOMMIT = 0;
START TRANSACTION;
SET time_zone = "+00:00";


/*!40101 SET @OLD_CHARACTER_SET_CLIENT=@@CHARACTER_SET_CLIENT */;
/*!40101 SET @OLD_CHARACTER_SET_RESULTS=@@CHARACTER_SET_RESULTS */;
/*!40101 SET @OLD_COLLATION_CONNECTION=@@COLLATION_CONNECTION */;
/*!40101 SET NAMES utf8mb4 */;

--
-- Database: `nikahframework`
--

-- --------------------------------------------------------

--
-- Table structure for table `account`
--

CREATE TABLE `account` (
  `id` int(11) NOT NULL,
  `year` year(4) DEFAULT NULL,
  `purchase` int(11) DEFAULT NULL,
  `sale` int(11) DEFAULT NULL,
  `profit` int(11) DEFAULT NULL
) ENGINE=InnoDB DEFAULT CHARSET=latin1;

--
-- Dumping data for table `account`
--

INSERT INTO `account` (`id`, `year`, `purchase`, `sale`, `profit`) VALUES
(1, 2013, 2000, 3000, 1000),
(2, 2014, 4500, 5000, 500),
(3, 2015, 3000, 4500, 1500),
(4, 2016, 2000, 3000, 1000),
(5, 2017, 2000, 4000, 2000),
(6, 2018, 2200, 3000, 800),
(7, 2019, 5000, 7000, 2000);

-- --------------------------------------------------------

--
-- Table structure for table `barang`
--

CREATE TABLE `barang` (
  `barang_id` int(11) NOT NULL,
  `nama_barang` varchar(100) DEFAULT NULL,
  `merk` varchar(30) DEFAULT NULL,
  `stok` int(11) DEFAULT NULL
) ENGINE=InnoDB DEFAULT CHARSET=latin1;

--
-- Dumping data for table `barang`
--

INSERT INTO `barang` (`barang_id`, `nama_barang`, `merk`, `stok`) VALUES
(1, 'Aqua 1', 'Aqua', 20),
(2, 'Aqua 2', 'Aqua', 10),
(3, 'Aqua 3', 'Aqua', 30),
(4, 'Aqua 4', 'Aqua', 40),
(5, 'Aqua 5', 'Aqua', 5),
(6, 'Wardah 1', 'Wardah', 10),
(7, 'Wardah 2', 'Wardah', 20),
(8, 'Wardah 3', 'Wardah', 10),
(9, 'Wardah 4', 'Wardah', 50),
(10, 'Inez 1', 'Inez', 10),
(11, 'Inez 2', 'Inez', 30),
(12, 'VIva 1', 'Viva', 30),
(13, 'Coca-Cola 1', 'Coca-cola', 10),
(14, 'Coca-Cola 2', 'Coca-cola', 10),
(15, 'Coca-Cola 3', 'Coca-cola', 30);

-- --------------------------------------------------------

--
-- Table structure for table `groups`
--

CREATE TABLE `groups` (
  `id` mediumint(8) UNSIGNED NOT NULL,
  `name` varchar(20) NOT NULL,
  `description` varchar(100) NOT NULL
) ENGINE=InnoDB DEFAULT CHARSET=utf8;

--
-- Dumping data for table `groups`
--

INSERT INTO `groups` (`id`, `name`, `description`) VALUES
(1, 'admin', 'Administrator'),
(2, 'members', 'General User'),
(3, 'Kader', 'kader UKI');

-- --------------------------------------------------------

--
-- Table structure for table `identitas_web`
--

CREATE TABLE `identitas_web` (
  `id_identitas` int(11) NOT NULL,
  `nama_web` varchar(255) NOT NULL,
  `meta_deskripsi` text NOT NULL,
  `meta_keyword` text NOT NULL,
  `copyright` varchar(100) NOT NULL,
  `logo` varchar(100) NOT NULL
) ENGINE=InnoDB DEFAULT CHARSET=latin1;

--
-- Dumping data for table `identitas_web`
--

INSERT INTO `identitas_web` (`id_identitas`, `nama_web`, `meta_deskripsi`, `meta_keyword`, `copyright`, `logo`) VALUES
(1, 'Nikah Framework', 'Aplikasi untuk  ngumpulin mahar', 'aplikasi nafkah', 'KokNgoding?', './uploads/13fcbd8ec34c8bc78c1fef1e3f37eb1b.png');

-- --------------------------------------------------------

--
-- Table structure for table `login_attempts`
--

CREATE TABLE `login_attempts` (
  `id` int(11) UNSIGNED NOT NULL,
  `ip_address` varchar(45) NOT NULL,
  `login` varchar(100) NOT NULL,
  `time` int(11) UNSIGNED DEFAULT NULL
) ENGINE=InnoDB DEFAULT CHARSET=utf8;

-- --------------------------------------------------------

--
-- Table structure for table `log_aktivitas`
--

CREATE TABLE `log_aktivitas` (
  `id` int(11) NOT NULL,
  `id_user` int(11) DEFAULT NULL,
  `aktivitas` varchar(250) DEFAULT NULL,
  `time` varchar(25) DEFAULT NULL
) ENGINE=InnoDB DEFAULT CHARSET=latin1;

--
-- Dumping data for table `log_aktivitas`
--

INSERT INTO `log_aktivitas` (`id`, `id_user`, `aktivitas`, `time`) VALUES
(32, 1, 'Admin telah mengunduh data pada  format pdf', '20-02-2015 15:30:37');

-- --------------------------------------------------------

--
-- Table structure for table `menu`
--

CREATE TABLE `menu` (
  `id` int(11) NOT NULL,
  `parent_menu` int(11) DEFAULT NULL,
  `nama_menu` varchar(50) NOT NULL,
  `controller_link` varchar(50) NOT NULL,
  `icon` varchar(50) NOT NULL,
  `slug` varchar(50) NOT NULL,
  `urut_menu` int(11) NOT NULL,
  `menu_grup_user` varchar(30) NOT NULL,
  `is_active` int(11) NOT NULL
) ENGINE=InnoDB DEFAULT CHARSET=latin1;

-- --------------------------------------------------------

--
-- Table structure for table `users`
--

CREATE TABLE `users` (
  `id` int(11) UNSIGNED NOT NULL,
  `ip_address` varchar(45) NOT NULL,
  `username` varchar(100) DEFAULT NULL,
  `password` varchar(255) NOT NULL,
  `salt` varchar(255) DEFAULT NULL,
  `email` varchar(254) NOT NULL,
  `activation_code` varchar(40) DEFAULT NULL,
  `forgotten_password_code` varchar(40) DEFAULT NULL,
  `forgotten_password_time` int(11) UNSIGNED DEFAULT NULL,
  `remember_code` varchar(40) DEFAULT NULL,
  `created_on` int(11) UNSIGNED NOT NULL,
  `last_login` int(11) UNSIGNED DEFAULT NULL,
  `active` tinyint(1) UNSIGNED DEFAULT NULL,
  `first_name` varchar(50) DEFAULT NULL,
  `last_name` varchar(50) DEFAULT NULL,
  `company` varchar(100) DEFAULT NULL,
  `phone` varchar(20) DEFAULT NULL,
  `foto` varchar(250) DEFAULT NULL
) ENGINE=InnoDB DEFAULT CHARSET=utf8;

--
-- Dumping data for table `users`
--

INSERT INTO `users` (`id`, `ip_address`, `username`, `password`, `salt`, `email`, `activation_code`, `forgotten_password_code`, `forgotten_password_time`, `remember_code`, `created_on`, `last_login`, `active`, `first_name`, `last_name`, `company`, `phone`, `foto`) VALUES
(1, '127.0.0.1', 'administrator', '$2y$08$mZPaYks57MijwQIbpiXn0e5ugdDn8QTDaY0.jay3axX/dJGhcv7sG', '', 'admin@admin.com', '', NULL, NULL, NULL, 1268889823, 1583063077, 1, 'Admin', 'istrator', 'AMIKOM', '083148263597', '83494197_1126442191081340_9075778049823211520_n.jpg'),
(2, '::1', 'ilham@gmail.com', '$2y$08$PCNWlcbbbrhZKOn.4nnqx.HHbZ0F9gJc/DPZesz/rT8bNEdedpSSi', NULL, 'ilham@gmail.com', NULL, NULL, NULL, NULL, 1579385996, 1579507586, 1, 'ilham', 'naufal', 'kokngoding', '083148263597', NULL),
(3, '::1', 'satria@ulfa.com', '$2y$08$UFgtqXipPdVYIgU8ZSDPF.WOtwcEbdgzbpoVTKkpGije0PAl7nyQ.', NULL, 'satria@ulfa.com', NULL, NULL, NULL, NULL, 1579452488, 1579503959, 1, 'satria', 'purnama', 'koktani', '02381381238', NULL);

-- --------------------------------------------------------

--
-- Table structure for table `users_groups`
--

CREATE TABLE `users_groups` (
  `id` int(11) UNSIGNED NOT NULL,
  `user_id` int(11) UNSIGNED NOT NULL,
  `group_id` mediumint(8) UNSIGNED NOT NULL
) ENGINE=InnoDB DEFAULT CHARSET=utf8;

--
-- Dumping data for table `users_groups`
--

INSERT INTO `users_groups` (`id`, `user_id`, `group_id`) VALUES
(17, 1, 1),
(18, 1, 3),
(14, 2, 2),
(15, 2, 3),
(16, 3, 2);

--
-- Indexes for dumped tables
--

--
-- Indexes for table `account`
--
ALTER TABLE `account`
  ADD PRIMARY KEY (`id`);

--
-- Indexes for table `barang`
--
ALTER TABLE `barang`
  ADD PRIMARY KEY (`barang_id`);

--
-- Indexes for table `groups`
--
ALTER TABLE `groups`
  ADD PRIMARY KEY (`id`);

--
-- Indexes for table `identitas_web`
--
ALTER TABLE `identitas_web`
  ADD PRIMARY KEY (`id_identitas`);

--
-- Indexes for table `login_attempts`
--
ALTER TABLE `login_attempts`
  ADD PRIMARY KEY (`id`);

--
-- Indexes for table `log_aktivitas`
--
ALTER TABLE `log_aktivitas`
  ADD PRIMARY KEY (`id`);

--
-- Indexes for table `menu`
--
ALTER TABLE `menu`
  ADD PRIMARY KEY (`id`);

--
-- Indexes for table `users`
--
ALTER TABLE `users`
  ADD PRIMARY KEY (`id`);

--
-- Indexes for table `users_groups`
--
ALTER TABLE `users_groups`
  ADD PRIMARY KEY (`id`),
  ADD UNIQUE KEY `uc_users_groups` (`user_id`,`group_id`),
  ADD KEY `fk_users_groups_users1_idx` (`user_id`),
  ADD KEY `fk_users_groups_groups1_idx` (`group_id`);

--
-- AUTO_INCREMENT for dumped tables
--

--
-- AUTO_INCREMENT for table `account`
--
ALTER TABLE `account`
  MODIFY `id` int(11) NOT NULL AUTO_INCREMENT, AUTO_INCREMENT=8;

--
-- AUTO_INCREMENT for table `barang`
--
ALTER TABLE `barang`
  MODIFY `barang_id` int(11) NOT NULL AUTO_INCREMENT, AUTO_INCREMENT=16;

--
-- AUTO_INCREMENT for table `groups`
--
ALTER TABLE `groups`
  MODIFY `id` mediumint(8) UNSIGNED NOT NULL AUTO_INCREMENT, AUTO_INCREMENT=4;

--
-- AUTO_INCREMENT for table `identitas_web`
--
ALTER TABLE `identitas_web`
  MODIFY `id_identitas` int(11) NOT NULL AUTO_INCREMENT, AUTO_INCREMENT=2;

--
-- AUTO_INCREMENT for table `login_attempts`
--
ALTER TABLE `login_attempts`
  MODIFY `id` int(11) UNSIGNED NOT NULL AUTO_INCREMENT;

--
-- AUTO_INCREMENT for table `log_aktivitas`
--
ALTER TABLE `log_aktivitas`
  MODIFY `id` int(11) NOT NULL AUTO_INCREMENT, AUTO_INCREMENT=33;

--
-- AUTO_INCREMENT for table `menu`
--
ALTER TABLE `menu`
  MODIFY `id` int(11) NOT NULL AUTO_INCREMENT, AUTO_INCREMENT=13;

--
-- AUTO_INCREMENT for table `users`
--
ALTER TABLE `users`
  MODIFY `id` int(11) UNSIGNED NOT NULL AUTO_INCREMENT, AUTO_INCREMENT=4;

--
-- AUTO_INCREMENT for table `users_groups`
--
ALTER TABLE `users_groups`
  MODIFY `id` int(11) UNSIGNED NOT NULL AUTO_INCREMENT, AUTO_INCREMENT=19;

--
-- Constraints for dumped tables
--

--
-- Constraints for table `users_groups`
--
ALTER TABLE `users_groups`
  ADD CONSTRAINT `fk_users_groups_groups1` FOREIGN KEY (`group_id`) REFERENCES `groups` (`id`) ON DELETE CASCADE ON UPDATE NO ACTION,
  ADD CONSTRAINT `fk_users_groups_users1` FOREIGN KEY (`user_id`) REFERENCES `users` (`id`) ON DELETE CASCADE ON UPDATE NO ACTION;
COMMIT;

/*!40101 SET CHARACTER_SET_CLIENT=@OLD_CHARACTER_SET_CLIENT */;
/*!40101 SET CHARACTER_SET_RESULTS=@OLD_CHARACTER_SET_RESULTS */;
/*!40101 SET COLLATION_CONNECTION=@OLD_COLLATION_CONNECTION */;
